Date,Actual,ARIMA_Forecast,SARIMA_Forecast,Prophet_Forecast,LSTM_Forecast
31-05-2023,203.9299927,171.865183,172.4146847,161.5882053,191.61334
01-06-2023,207.5200043,171.9326187,172.2496586,161.2142815,196.27217
02-06-2023,213.9700012,171.8588264,173.1490764,160.7676902,201.08325
05-06-2023,217.6100006,171.9275181,172.8460724,161.940499,206.36313
06-06-2023,221.3099976,171.8720548,172.716311,160.9857404,211.48886
07-06-2023,224.5700073,171.9096832,172.9961487,160.968026,216.18094
08-06-2023,234.8600006,171.8911003,172.3732004,160.4417306,220.2654
09-06-2023,244.3999939,171.8923102,173.8544941,159.8237922,225.5014
12-06-2023,249.8300018,171.9047809,172.9938363,160.4490131,232.3536
13-06-2023,258.7099915,171.8833735,172.5320299,159.3267082,239.69151
14-06-2023,256.7900085,171.9088109,172.2858295,159.1608923,247.69066
15-06-2023,255.8999939,171.88371,173.3386451,158.5119836,253.43785
16-06-2023,260.5400085,171.9051217,173.0680976,157.8019565,256.2424
20-06-2023,274.4500122,171.889505,172.9030275,157.3005148,257.90347
21-06-2023,259.4599915,171.8984795,173.8024643,157.2279494,262.0802
22-06-2023,264.6099854,171.8958991,173.499451,156.706832,262.34268
23-06-2023,256.6000061,171.8931517,173.3696955,156.1554498,261.96838
26-06-2023,241.0500031,171.8996696,173.6495305,157.3303364,259.1633
27-06-2023,250.2100067,171.8911079,173.0265829,156.4920111,251.85515
28-06-2023,256.2399902,171.9000908,174.5078724,156.6483607,246.69385
29-06-2023,257.5,171.8920069,173.6472136,156.3504931,245.44249
30-06-2023,261.769989,171.8982873,173.1854082,156.0101872,246.8786
03-07-2023,279.8200073,171.8942679,172.9392081,157.6884309,250.57018
05-07-2023,282.480011,171.895979,173.9920223,157.1916105,259.33154
06-07-2023,276.5400085,171.8962978,173.721475,156.9340665,269.24734
07-07-2023,274.4299927,171.894443,173.5564048,156.5988429,275.68665
10-07-2023,269.6099854,171.8972397,174.4558416,158.0989053,278.0599
11-07-2023,269.7900085,171.8940921,174.1528283,157.257812,276.28278
12-07-2023,271.9899902,171.8970829,174.0230728,157.3589827,272.7971
13-07-2023,277.8999939,171.8946225,174.3029078,156.958219,269.83228
14-07-2023,281.3800049,171.8963342,173.6799602,156.4736506,269.40585
17-07-2023,290.3800049,171.8954388,175.1612497,157.5542782,271.2486
18-07-2023,293.3399963,171.8955767,174.3005909,156.6037234,276.2066
19-07-2023,291.2600098,171.8960471,173.8387854,156.6197659,282.24615
20-07-2023,262.8999939,171.8951676,173.5925854,156.1625329,286.67383
21-07-2023,260.019989,171.8962453,174.6453996,155.6534641,281.26233
24-07-2023,269.0599976,171.8951605,174.3748523,156.8678538,271.78403
25-07-2023,265.2799988,171.8961027,174.2097821,156.029794,265.21118
26-07-2023,264.3500061,171.8954002,175.1092189,156.1885009,260.734
27-07-2023,255.7100067,171.8958202,174.8062056,155.9000153,258.3297
28-07-2023,266.4400024,171.8956773,174.6764501,155.5806248,255.42764
31-07-2023,267.4299927,171.8955851,174.9562851,157.4255527,256.0058
01-08-2023,261.0700073,171.8958477,174.3333375,156.7940443,258.48407
02-08-2023,254.1100006,171.8954884,175.814627,157.1448462,259.73932
03-08-2023,259.3200073,171.8958739,174.9539682,157.0265836,258.34183
04-08-2023,253.8600006,171.8955206,174.4921627,156.8485901,257.37955
07-08-2023,251.4499969,171.8958005,174.2459627,158.8869942,255.40327
08-08-2023,249.6999969,171.8956159,175.2987769,158.2291578,252.82468
09-08-2023,242.1900024,171.8957012,175.0282296,158.5044943,250.14267
10-08-2023,245.3399963,171.8957049,174.8631594,158.2615616,246.15947
11-08-2023,242.6499939,171.8956325,175.7625962,157.9111446,243.37834
14-08-2023,239.7599945,171.8957485,175.4595829,159.1825088,241.19614
15-08-2023,232.9600067,171.8956144,175.3298274,158.2047809,239.1797
16-08-2023,225.6000061,171.8957442,175.6096624,158.1405245,236.09142
17-08-2023,219.2200012,171.8956354,174.9867148,157.5470505,231.46776
18-08-2023,215.4900055,171.895713,176.4680043,156.8444313,225.70587
21-08-2023,231.2799988,171.8956703,175.6073455,157.1442816,219.92725
22-08-2023,233.1900024,171.89568,175.14554,155.9014721,219.3782
23-08-2023,236.8600006,171.8956973,174.89934,155.6150631,222.05333
24-08-2023,230.0399933,171.8956614,175.9521542,154.8489495,226.76974
25-08-2023,238.5899963,171.8957069,175.6816069,154.0284295,229.81065
28-08-2023,238.8200073,171.8956601,175.5165367,154.3312832,233.43146
29-08-2023,257.1799927,171.8957015,176.4159735,153.2090233,236.4506
30-08-2023,256.8999939,171.89567,176.1129602,153.0987203,243.00792
31-08-2023,258.0799866,171.8956895,175.9832047,152.5590724,249.58679
01-09-2023,245.0099945,171.895682,176.2630397,152.0085441,254.79854
05-09-2023,256.4899902,171.8956792,175.6400921,152.5210911,254.45763
06-09-2023,251.9199982,171.8956897,177.1213816,152.7528589,254.25594
07-09-2023,251.4900055,171.8956746,176.2607228,152.5357966,252.75752
08-09-2023,248.5,171.8956911,175.7989173,152.2769586,250.81712
11-09-2023,273.5799866,171.8956757,175.5527173,154.1488942,248.32047
12-09-2023,267.480011,171.8956882,176.6055315,153.4478699,252.6719
13-09-2023,271.2999878,171.8956797,176.3349842,153.6786944,257.71823
14-09-2023,276.0400085,171.8956839,176.169914,153.3850886,262.98212
15-09-2023,274.3900146,171.8956836,177.0693508,152.9729305,268.27307
18-09-2023,265.2799988,171.8956808,176.7663374,153.9452353,271.72635
19-09-2023,266.5,171.8956856,176.636582,152.8155302,270.8533
20-09-2023,262.5899963,171.8956799,176.916417,152.5671586,268.33386
21-09-2023,255.6999969,171.8956856,176.2934694,151.7547959,264.52063
22-09-2023,244.8800049,171.8956808,177.7747589,150.7966665,259.23224
25-09-2023,246.9900055,171.8956843,176.9141001,150.1053077,251.81439
26-09-2023,244.1199951,171.8956822,176.4522946,148.4604531,245.91159
27-09-2023,240.5,171.8956828,176.2060946,147.7403508,241.56926
28-09-2023,246.3800049,171.8956834,177.2589088,146.5129211,238.30446
29-09-2023,250.2200012,171.895682,176.9883615,145.2084539,238.0171
02-10-2023,251.6000061,171.8956839,176.8232913,143.9865242,240.36252
03-10-2023,246.5299988,171.8956819,177.7227281,142.3562236,243.93843
04-10-2023,261.1600037,171.8956837,177.4197147,141.7515973,246.06346
05-10-2023,260.0499878,171.8956823,177.2899593,140.7399942,250.73996
06-10-2023,260.5299988,171.8956832,177.5697943,139.7486188,255.18341
09-10-2023,259.6700134,171.8956828,176.9468467,139.9826718,258.5026
10-10-2023,263.6199951,171.8956827,178.4281362,138.9767921,260.08774
11-10-2023,262.9899902,171.8956831,177.5674774,139.0449966,261.3074
12-10-2023,258.8699951,171.8956825,177.1056719,138.7398705,261.71594
13-10-2023,251.1199951,171.8956832,176.8594718,138.4729812,260.42328
16-10-2023,253.9199982,171.8956826,177.9122861,140.827639,256.51065
17-10-2023,254.8500061,171.8956831,177.6417387,140.4587866,253.00581
18-10-2023,242.6799927,171.8956827,177.4766686,141.1051196,250.78946
19-10-2023,220.1100006,171.8956829,178.3761054,141.3069108,246.66132
20-10-2023,211.9900055,171.8956829,178.073092,141.4652611,237.0411
23-10-2023,212.0800018,171.8956828,177.9433366,144.5337988,225.35088
24-10-2023,216.5200043,171.895683,178.2231716,144.2038335,215.65508
25-10-2023,212.4199982,171.8956827,177.600224,144.789959,210.39815
26-10-2023,205.7599945,171.895683,179.0815135,144.8364854,207.72073
27-10-2023,207.3000031,171.8956828,178.2208547,144.7509176,205.59305
30-10-2023,197.3600006,171.8956829,177.7590492,146.6508423,204.76674
31-10-2023,200.8399963,171.8956828,177.5128491,145.8257483,202.57497
01-11-2023,205.6600037,171.8956829,178.5656634,145.8869286,201.11234
02-11-2023,218.5099945,171.8956829,178.295116,145.3934484,201.46855
03-11-2023,219.9600067,171.8956828,178.1300459,144.7676381,205.67973
06-11-2023,219.2700043,171.8956829,179.0294827,145.1861592,211.28877
07-11-2023,222.1799927,171.8956828,178.7264693,143.9554247,216.21991
08-11-2023,222.1100006,171.8956829,178.5967139,143.6721167,220.31633
09-11-2023,209.9799957,171.8956828,178.8765489,142.9026813,222.88982
10-11-2023,214.6499939,171.8956829,178.2536013,142.0746323,221.00964
13-11-2023,223.7100067,171.8956829,179.7348908,142.3454864,218.34221
14-11-2023,237.4100037,171.8956829,178.874232,141.2123688,217.92181
15-11-2023,242.8399963,171.8956829,178.4124265,141.0914125,221.96976
16-11-2023,233.5899963,171.8956829,178.1662264,140.5408476,228.66678
17-11-2023,234.3000031,171.8956829,179.2190407,139.978312,232.86418
20-11-2023,235.6000061,171.8956829,178.9484933,141.2087199,234.95528
21-11-2023,241.1999969,171.8956829,178.7834232,140.4073844,235.69029
22-11-2023,234.2100067,171.8956829,179.68286,140.602613,236.87555
24-11-2023,235.4499969,171.8956829,179.3798466,140.0267539,236.16838
27-11-2023,236.0800018,171.8956829,179.2500912,141.6757656,234.99516
28-11-2023,246.7200012,171.8956829,179.5299262,140.8826621,233.99225
29-11-2023,244.1399994,171.8956829,178.9069786,141.0147466,235.98225
30-11-2023,240.0800018,171.8956829,180.3882681,140.617872,238.33691
01-12-2023,238.8300018,171.8956829,179.5276093,140.1005421,239.3428
04-12-2023,235.5800018,171.8956829,179.0658038,140.7782891,239.13603
05-12-2023,238.7200012,171.8956829,178.8196037,139.5696069,237.54662
06-12-2023,239.3699951,171.8956829,179.872418,139.2583143,236.45082
07-12-2023,242.6399994,171.8956829,179.6018706,138.4029045,236.02153
08-12-2023,243.8399963,171.8956829,179.4368005,137.425202,236.8787
11-12-2023,239.7400055,171.8956829,180.3362373,136.8459698,238.49667
12-12-2023,237.0099945,171.8956829,180.0332239,135.3025986,239.0981
13-12-2023,239.2899933,171.8956829,179.9034685,134.7178313,238.38353
14-12-2023,251.0500031,171.8956829,180.1833035,133.6594299,237.75385
15-12-2023,253.5,171.8956829,179.5603559,132.5566298,240.26219
18-12-2023,252.0800018,171.8956829,181.0416454,132.1113497,244.33519
19-12-2023,257.2200012,171.8956829,180.1809866,130.7847286,247.86617
20-12-2023,247.1399994,171.8956829,179.7191811,130.498009,251.56789
21-12-2023,254.5,171.8956829,179.472981,129.8126628,251.74605
22-12-2023,252.5399933,171.8956829,180.5257953,129.1495451,251.98495
26-12-2023,256.6099854,171.8956829,180.2552479,129.5760704,251.55911
27-12-2023,261.4400024,171.8956829,180.0901778,129.882014,251.92651
28-12-2023,253.1799927,171.8956829,180.9896146,129.7778053,253.80296
29-12-2023,248.4799957,171.8956829,180.6866012,129.6700445,253.78401
02-01-2024,248.4199982,171.8956829,180.5568457,131.8077175,251.63774
03-01-2024,238.4499969,171.8956829,180.8366808,132.3637401,248.95453
04-01-2024,237.9299927,171.8956829,180.2137332,132.4252302,244.11742
05-01-2024,237.4900055,171.8956829,181.6950227,132.3960712,239.37592
08-01-2024,240.4499969,171.8956829,180.8343639,134.6635101,235.78299
09-01-2024,234.9600067,171.8956829,180.3725584,134.0067877,234.45651
10-01-2024,233.9400024,171.8956829,180.1263583,134.2481648,233.29219
11-01-2024,227.2200012,171.8956829,181.1791726,133.9399035,232.36539
12-01-2024,218.8899994,171.8956829,180.9086252,133.4977448,230.18887
16-01-2024,219.9100037,171.8956829,180.7435551,133.2912458,225.95345
17-01-2024,215.5500031,171.8956829,181.6429919,133.1058111,222.02565
18-01-2024,211.8800049,171.8956829,181.3399785,132.4077784,218.14674
19-01-2024,212.1900024,171.8956829,181.210223,131.6240867,214.39511
22-01-2024,208.8000031,171.8956829,181.4900581,131.8768982,211.71619
23-01-2024,209.1399994,171.8956829,180.8671105,130.696314,209.43712
24-01-2024,207.8300018,171.8956829,182.3484,130.513846,208.02948
25-01-2024,182.6300049,171.8956829,181.4877412,129.8927529,207.11426
26-01-2024,183.25,171.8956829,181.0259357,129.2561278,200.84923
29-01-2024,190.9299927,171.8956829,180.7797356,130.299468,193.6181
30-01-2024,191.5899963,171.8956829,181.8325499,129.4655269,189.20807
31-01-2024,187.2899933,171.8956829,181.5620025,129.6508697,187.32864
01-02-2024,188.8600006,171.8956829,181.3969324,129.4049996,186.26154
02-02-2024,187.9100037,171.8956829,182.2963692,129.13679,186.27487
05-02-2024,181.0599976,171.8956829,181.9933558,131.1041368,186.65936
06-02-2024,185.1000061,171.8956829,181.8636003,130.4744718,185.65839
07-02-2024,187.5800018,171.8956829,182.1434354,130.7936727,185.08684
08-02-2024,189.5599976,171.8956829,181.5204878,130.6026942,185.37389
09-02-2024,193.5700073,171.8956829,183.0017773,130.3039834,186.47432
12-02-2024,188.1300049,171.8956829,182.1411185,131.6389846,188.64888
13-02-2024,184.0200043,171.8956829,181.679313,130.6213866,189.66446
14-02-2024,188.7100067,171.8956829,181.4331129,130.4719781,188.93256
15-02-2024,200.4499969,171.8956829,182.4859272,129.7400703,188.47119
16-02-2024,199.9499969,171.8956829,182.2153798,128.8386287,190.82596
20-02-2024,193.7599945,171.8956829,182.0503097,126.3971425,193.96968
21-02-2024,194.7700043,171.8956829,182.9497465,125.5484985,195.43701
22-02-2024,197.4100037,171.8956829,182.6467331,124.1462828,195.93564
23-02-2024,191.9700012,171.8956829,182.5169776,122.61951,196.36592
26-02-2024,199.3999939,171.8956829,182.7968127,120.4464398,195.3735
27-02-2024,199.7299957,171.8956829,182.1738651,118.4093351,195.56715
28-02-2024,202.0399933,171.8956829,183.6551546,117.3578364,196.35071
29-02-2024,201.8800049,171.8956829,182.7944958,115.8634983,197.8064
01-03-2024,202.6399994,171.8956829,182.3326903,114.3585277,199.24619
04-03-2024,188.1399994,171.8956829,182.0864902,112.9267174,200.53683
05-03-2024,180.7400055,171.8956829,183.1393045,111.3464751,198.1086
06-03-2024,176.5399933,171.8956829,182.8687571,110.8429429,192.7011
07-03-2024,178.6499939,171.8956829,182.7036869,109.976228,186.06114
08-03-2024,175.3399963,171.8956829,183.6031238,109.1653657,180.75046
11-03-2024,177.7700043,171.8956829,183.3001104,110.0646049,176.56296
12-03-2024,177.5399933,171.8956829,183.1703549,109.2907715,174.4549
13-03-2024,169.4799957,171.8956829,183.45019,109.5812707,173.87053
14-03-2024,162.5,171.8956829,182.8272424,109.4806168,172.5349
15-03-2024,163.5700073,171.8956829,184.3085319,109.3932188,169.69081
18-03-2024,173.8000031,171.8956829,183.4478731,112.082374,166.94563
19-03-2024,171.3200073,171.8956829,182.9860676,111.7457192,166.99718
20-03-2024,175.6600037,171.8956829,182.7398675,112.3825384,167.96516
21-03-2024,172.8200073,171.8956829,183.7926818,112.5340312,170.20514
22-03-2024,170.8300018,171.8956829,183.5221344,112.6035834,172.04242
25-03-2024,172.6300049,171.8956829,183.3570642,115.2151568,172.8674
26-03-2024,177.6699982,171.8956829,184.2565011,114.6874054,173.35117
27-03-2024,179.8300018,171.8956829,183.9534877,115.0635588,174.59605
28-03-2024,175.7899933,171.8956829,183.8237322,114.8946456,176.40012
01-04-2024,175.2200012,171.8956829,184.1035673,115.9179841,177.2077
02-04-2024,166.6300049,171.8956829,183.4806197,114.9385455,177.1826
03-04-2024,168.3800049,171.8956829,184.9619092,114.8696154,174.81721
04-04-2024,171.1100006,171.8956829,184.1012504,114.2715359,172.11974
05-04-2024,164.8999939,171.8956829,183.6394449,113.5665216,170.36333
08-04-2024,172.9799957,171.8956829,183.3932448,113.8774407,168.12453
09-04-2024,176.8800049,171.8956829,184.4460591,112.6400024,167.87383
10-04-2024,171.7599945,171.8956829,184.1755117,112.354518,169.53226
11-04-2024,174.6000061,171.8956829,184.0104415,111.5799751,170.78015
12-04-2024,171.0500031,171.8956829,184.9098784,110.7357825,172.21808
15-04-2024,161.4799957,171.8956829,184.606865,110.8067263,172.67844
16-04-2024,157.1100006,171.8956829,184.4771095,109.5286044,170.4875
17-04-2024,155.4499969,171.8956829,184.7569446,109.2107839,166.47586
18-04-2024,149.9299927,171.8956829,184.133997,108.4052126,162.00693
19-04-2024,147.0500031,171.8956829,185.6152865,107.524469,157.08154
22-04-2024,142.0500031,171.8956829,184.7546277,107.3927589,152.37888
23-04-2024,144.6799927,171.8956829,184.2928222,106.0004865,147.7627
24-04-2024,162.1300049,171.8956829,184.0466221,105.5402141,144.6931
25-04-2024,170.1799927,171.8956829,185.0994364,104.5628288,146.56836
26-04-2024,168.2899933,171.8956829,184.828889,103.4812341,152.37389
29-04-2024,194.0500031,171.8956829,184.6638188,102.5965267,158.86063
30-04-2024,183.2799988,171.8956829,185.5632557,100.9173647,169.97536
01-05-2024,179.9900055,171.8956829,185.2602423,100.1620979,178.97633
02-05-2024,180.0099945,171.8956829,185.1304868,98.88877003,184.24191
03-05-2024,181.1900024,171.8956829,185.4103219,97.51797045,186.25432
06-05-2024,184.7599945,171.8956829,184.7873743,95.88566713,186.21191
07-05-2024,177.8099976,171.8956829,186.2686638,94.02295846,185.75824
08-05-2024,174.7200012,171.8956829,185.408005,93.1284744,183.5314
09-05-2024,171.9700012,171.8956829,184.9461995,91.76588296,180.16328
10-05-2024,168.4700012,171.8956829,184.6999994,90.36026728,176.30666
13-05-2024,171.8899994,171.8956829,185.7528137,88.97515454,172.274
14-05-2024,177.5500031,171.8956829,185.4822663,87.31308626,169.78314
15-05-2024,173.9900055,171.8956829,185.3171961,86.67512784,169.8558
16-05-2024,174.8399963,171.8956829,186.216633,85.62081624,170.5296
17-05-2024,177.4600067,171.8956829,185.9136196,84.56976802,171.65488
20-05-2024,174.9499969,171.8956829,185.7838641,84.45463949,173.39433
21-05-2024,186.6000061,171.8956829,186.0636992,83.25664197,174.57611
22-05-2024,180.1100006,171.8956829,185.4407516,83.08782542,177.79243
23-05-2024,173.7400055,171.8956829,186.9220411,82.49830218,179.94237
24-05-2024,179.2400055,171.8956829,186.0613823,81.89846584,179.71478
28-05-2024,176.75,171.8956829,185.5995768,82.09084891,179.48895
29-05-2024,176.1900024,171.8956829,185.3533767,82.19094043,178.69615
30-05-2024,178.7899933,171.8956829,186.406191,81.81855818,177.64899
31-05-2024,178.0800018,171.8956829,186.1356436,81.38217619,177.24437
03-06-2024,176.2899933,171.8956829,185.9705734,82.62675148,177.08585
04-06-2024,174.7700043,171.8956829,186.8700103,81.70520084,176.70657
05-06-2024,175,171.8956829,186.5669969,81.72286939,175.97174
06-06-2024,177.9400024,171.8956829,186.4372414,81.23259458,175.26447
07-06-2024,177.4799957,171.8956829,186.7170765,80.64980505,175.36226
10-06-2024,173.7899933,171.8956829,186.0941289,81.36150164,175.75836
11-06-2024,170.6600037,171.8956829,187.5754184,80.2578493,175.44345
12-06-2024,177.2899933,171.8956829,186.7147596,80.1041566,174.1687
13-06-2024,182.4700012,171.8956829,186.2529541,79.4603168,174.10738
14-06-2024,178.0099945,171.8956829,186.006754,78.74802781,175.79065
17-06-2024,187.4400024,171.8956829,187.0595683,79.26295901,177.06589
18-06-2024,184.8600006,171.8956829,186.7890209,78.16742851,179.96347
20-06-2024,181.5700073,171.8956829,186.6239507,77.50070317,182.48698
21-06-2024,183.0099945,171.8956829,187.5233876,76.90787355,183.55788
24-06-2024,182.5800018,171.8956829,187.2203742,77.95374123,183.93964
25-06-2024,187.3500061,171.8956829,187.0906187,77.07512388,183.73582
26-06-2024,196.3699951,171.8956829,187.3704538,77.19454536,184.3037
27-06-2024,197.4199982,171.8956829,186.7475062,76.86415528,187.12898
28-06-2024,197.8800049,171.8956829,188.2287957,76.49661566,190.73398
01-07-2024,209.8600006,171.8956829,187.3681369,78.13078639,194.07745
02-07-2024,231.2599945,171.8956829,186.9063314,77.40076276,199.28369
03-07-2024,246.3899994,171.8956829,186.6601313,77.63794621,209.27106
05-07-2024,251.5200043,171.8956829,187.7129456,77.07343318,223.17598
08-07-2024,252.9400024,171.8956829,187.4423982,78.64787871,237.2462
09-07-2024,262.3299866,171.8956829,187.277328,77.83581753,248.32965
10-07-2024,263.2600098,171.8956829,188.1767649,77.96609604,257.3332
11-07-2024,241.0299988,171.8956829,187.8737515,77.59325869,262.91592
12-07-2024,248.2299957,171.8956829,187.743996,77.13421818,259.16724
15-07-2024,252.6399994,171.8956829,188.0238311,78.26633731,253.422
16-07-2024,256.5599976,171.8956829,187.4008835,77.32176696,249.06584
17-07-2024,248.5,171.8956829,188.882173,77.33728071,247.45305
18-07-2024,249.2299957,171.8956829,188.0215142,76.87278991,245.56508
19-07-2024,239.1999969,171.8956829,187.5597087,76.34976294,244.3492
22-07-2024,251.5099945,171.8956829,187.3135086,77.48602408,241.31117
23-07-2024,246.3800049,171.8956829,188.3663229,76.61230031,241.43182
24-07-2024,215.9900055,171.8956829,188.0957755,76.7322648,241.8455
25-07-2024,220.25,171.8956829,187.9307053,76.40323458,234.81999
26-07-2024,219.8000031,171.8956829,188.8301421,76.04287807,227.19043
29-07-2024,232.1000061,171.8956829,188.5271288,77.77682605,221.00882
30-07-2024,222.6199951,171.8956829,188.3973733,77.11699533,220.08679
31-07-2024,232.0700073,171.8956829,188.6772084,77.44593628,219.78433
01-08-2024,216.8600006,171.8956829,188.0542608,77.31332301,222.35178
02-08-2024,207.6699982,171.8956829,189.5355503,77.1293316,222.1176
05-08-2024,198.8800049,171.8956829,188.6748915,79.20457323,218.43896
06-08-2024,200.6399994,171.8956829,188.213086,78.57749114,211.8294
07-08-2024,191.7599945,171.8956829,187.9668859,78.89220268,205.72461
08-08-2024,198.8399963,171.8956829,189.0197002,78.69647357,199.20003
09-08-2024,200,171.8956829,188.7491528,78.40003672,195.63647
12-08-2024,197.4900055,171.8956829,188.5840826,79.86020405,194.62506
13-08-2024,207.8300018,171.8956829,189.4835194,78.94894615,194.63892
14-08-2024,201.3800049,171.8956829,189.1805061,78.94997216,197.6177
15-08-2024,214.1399994,171.8956829,189.0507506,78.41878148,199.99377
16-08-2024,216.1199951,171.8956829,189.3305857,77.77368608,204.55324
19-08-2024,222.7200012,171.8956829,188.7076381,78.20185264,209.6355
20-08-2024,221.1000061,171.8956829,190.1889276,76.982814,215.39581
21-08-2024,223.2700043,171.8956829,189.3282688,76.70919312,219.72067
22-08-2024,210.6600037,171.8956829,188.8664633,75.94445199,222.73506
23-08-2024,220.3200073,171.8956829,188.6202632,75.11379219,221.16966
26-08-2024,213.2100067,171.8956829,189.6730775,75.32136335,219.89418
27-08-2024,209.2100067,171.8956829,189.4025301,74.1488019,217.18367
28-08-2024,205.75,171.8956829,189.2374599,73.9812334,213.41792
29-08-2024,206.2799988,171.8956829,190.1368967,73.3791294,209.17188
30-08-2024,214.1100006,171.8956829,189.8338834,72.76292467,205.81549
03-09-2024,210.6000061,171.8956829,189.7041279,73.02370214,205.54749
04-09-2024,219.4100037,171.8956829,189.983963,73.20610843,206.12273
05-09-2024,230.1699982,171.8956829,189.3610154,72.94912236,209.18811
06-09-2024,210.7299957,171.8956829,190.8423049,72.66146133,215.44203
09-09-2024,216.2700043,171.8956829,189.9816461,74.52564663,217.27698
10-09-2024,226.1699982,171.8956829,189.5198406,73.8505315,217.85126
11-09-2024,228.1300049,171.8956829,189.2736405,74.1216503,219.92793
12-09-2024,229.8099976,171.8956829,190.3264548,73.88218818,222.68985
13-09-2024,230.2899933,171.8956829,190.0559074,73.53707793,225.54677
16-09-2024,226.7799988,171.8956829,189.8908372,74.77282513,227.85257
17-09-2024,227.8699951,171.8956829,190.790274,73.74502124,228.40726
18-09-2024,227.1999969,171.8956829,190.4872607,73.60160978,228.15607
19-09-2024,243.9199982,171.8956829,190.3575052,72.89461421,227.32042
20-09-2024,238.25,171.8956829,190.6373403,72.03952905,230.48004
23-09-2024,250,171.8956829,190.0143927,71.61643139,233.43088
24-09-2024,254.2700043,171.8956829,191.4956822,70.03903024,238.57196
25-09-2024,257.019989,171.8956829,190.6350234,69.37178776,244.61401
26-09-2024,254.2200012,171.8956829,190.1732179,68.1809268,250.32199
27-09-2024,260.4599915,171.8956829,189.9270178,66.89542546,253.65341
30-09-2024,261.6300049,171.8956829,190.9798321,65.61820174,256.48285
01-10-2024,258.019989,171.8956829,190.7092847,63.93220507,258.5078
02-10-2024,249.0200043,171.8956829,190.5442145,63.25449133,258.56918
03-10-2024,240.6600037,171.8956829,191.4436513,62.15383104,255.21074
04-10-2024,250.0800018,171.8956829,191.140638,61.05926011,248.83073
07-10-2024,240.8300018,171.8956829,191.0108825,60.92233456,245.01205
08-10-2024,244.5,171.8956829,191.2907176,59.78142743,241.02565
09-10-2024,241.0500031,171.8956829,190.66777,59.71386426,239.0266
10-10-2024,238.7700043,171.8956829,192.1490595,59.27527362,237.7111
11-10-2024,217.8000031,171.8956829,191.2884006,58.88020678,236.62177
14-10-2024,219.1600037,171.8956829,190.8265952,60.90939425,230.79749
15-10-2024,219.5700073,171.8956829,190.5803951,60.45952828,224.58234
16-10-2024,221.3300018,171.8956829,191.6332094,61.0416065,219.79115
17-10-2024,220.8899994,171.8956829,191.362662,61.19708889,217.34009
18-10-2024,220.6999969,171.8956829,191.1975918,61.3278005,216.61838
21-10-2024,218.8500061,171.8956829,192.0970286,64.42548677,216.9929
22-10-2024,217.9700012,171.8956829,191.7940153,64.14024598,217.4684
23-10-2024,213.6499939,171.8956829,191.6642598,64.78632537,217.72554
24-10-2024,260.480011,171.8956829,191.9440949,64.90609111,216.79073
25-10-2024,269.1900024,171.8956829,191.3211472,64.9047915,226.82274
28-10-2024,262.5100098,171.8956829,192.8024367,67.09785201,242.35225
29-10-2024,259.519989,171.8956829,191.9417779,66.37472414,255.5045
30-10-2024,257.5499878,171.8956829,191.4799725,66.53538648,263.31104
31-10-2024,249.8500061,171.8956829,191.2337724,66.13628987,265.55835
01-11-2024,248.9799957,171.8956829,192.2865867,65.59735473,262.02615
04-11-2024,242.8399963,171.8956829,192.0160393,66.21173562,256.03296
05-11-2024,251.4400024,171.8956829,191.8509691,65.01994649,248.58228
06-11-2024,288.5299988,171.8956829,192.7504059,64.76107419,244.4752
07-11-2024,296.9100037,171.8956829,192.4473926,64.00142703,252.62616
08-11-2024,321.2200012,171.8956829,192.3176371,63.16882904,267.2283
11-11-2024,350,171.8956829,192.5974721,63.34946029,288.40497
12-11-2024,328.4899902,171.8956829,191.9745245,62.16576715,315.82602
13-11-2024,330.2399902,171.8956829,193.455814,61.98726461,332.6128
14-11-2024,311.1799927,171.8956829,192.5951552,61.37448474,339.31027
15-11-2024,320.7200012,171.8956829,192.1333498,60.74749356,332.57004
18-11-2024,338.7399902,171.8956829,191.8871497,61.79569194,323.58105
19-11-2024,346,171.8956829,192.939964,60.9451217,321.05423
20-11-2024,342.0299988,171.8956829,192.6694166,61.10030019,324.34454
21-11-2024,339.6400146,171.8956829,192.5043464,60.8087884,328.33984
22-11-2024,352.5599976,171.8956829,193.4037832,60.47815336,330.9079
25-11-2024,338.5899963,171.8956829,193.1007699,62.15585869,336.0271
26-11-2024,338.230011,171.8956829,192.9710144,61.39918221,336.66046
27-11-2024,332.8900146,171.8956829,193.2508494,61.58015856,334.9684
29-11-2024,345.1600037,171.8956829,192.6279018,60.79596751,331.07697
02-12-2024,357.0899963,171.8956829,194.1091913,61.72123358,331.05356
03-12-2024,351.4200134,171.8956829,193.2485325,60.59987055,336.54263
04-12-2024,357.9299927,171.8956829,192.7867271,60.37407758,341.45517
05-12-2024,369.4899902,171.8956829,192.540527,59.59978337,346.74814
06-12-2024,389.2200012,171.8956829,193.5933412,58.69633436,354.18625
09-12-2024,389.7900085,171.8956829,193.3227939,58.27670931,366.53238
10-12-2024,400.9899902,171.8956829,193.1577237,56.75954727,377.54272
11-12-2024,424.769989,171.8956829,194.0571605,56.18540174,387.8819
12-12-2024,418.1000061,171.8956829,193.7541472,55.12139353,402.03854
13-12-2024,436.230011,171.8956829,193.6243917,53.99656056,410.802
16-12-2024,463.019989,171.8956829,193.9042267,53.39139751,419.7065
17-12-2024,479.8599854,171.8956829,193.2812791,51.98396641,434.28006
18-12-2024,440.1300049,171.8956829,194.7625686,51.60552548,451.98898
19-12-2024,436.1700134,171.8956829,193.9019098,50.81974447,450.56406
20-12-2024,421.0599976,171.8956829,193.4401044,50.04992217,438.73914
23-12-2024,430.6000061,171.8956829,193.1939043,50.88237066,420.57477
24-12-2024,462.2799988,171.8956829,194.2467185,50.04046005,409.05646
26-12-2024,454.1300049,171.8956829,193.9761712,50.05609735,415.51962
27-12-2024,431.6600037,171.8956829,193.811101,49.87164959,425.70383
30-12-2024,417.4100037,171.8956829,194.7105378,52.27257604,426.97745
31-12-2024,403.8399963,171.8956829,194.4075245,51.84876644,419.20932
02-01-2025,379.2799988,171.8956829,194.277769,52.48305601,405.58304
03-01-2025,410.4400024,171.8956829,194.557604,52.48574989,385.9793
06-01-2025,411.0499878,171.8956829,193.9346564,54.92702433,380.79623
07-01-2025,394.3599854,171.8956829,195.4159459,54.3479467,384.31763
08-01-2025,394.9400024,171.8956829,194.5552871,54.67295698,385.77112
10-01-2025,394.7399902,171.8956829,194.0934817,54.09740029,386.42593
13-01-2025,403.3099976,171.8956829,193.8472816,55.24124668,386.60397
14-01-2025,396.3599854,171.8956829,194.9000958,54.19892647,389.38104
15-01-2025,428.2200012,171.8956829,194.6295485,54.06846755,390.1738
16-01-2025,413.8200073,171.8956829,194.4644783,53.41308695,400.2459
17-01-2025,426.5,171.8956829,195.3639151,52.65860817,406.45367
21-01-2025,424.0700073,171.8956829,195.0609018,51.70631778,412.891
22-01-2025,415.1099854,171.8956829,194.9311463,51.48457755,416.08936
23-01-2025,412.3800049,171.8956829,195.2109813,50.81334665,413.27448
24-01-2025,406.5799866,171.8956829,194.5880337,50.11758327,407.30557
27-01-2025,397.1499939,171.8956829,196.0693232,50.95236284,399.6441
28-01-2025,398.0899963,171.8956829,195.2086644,50.04706959,390.51343
29-01-2025,389.1000061,171.8956829,194.746859,50.16462383,384.10574
30-01-2025,400.2799988,171.8956829,194.5006589,49.8571744,378.2762
31-01-2025,404.6000061,171.8956829,195.5534731,49.53610288,378.56265
03-02-2025,383.6799927,171.8956829,195.2829258,51.41865833,383.31476
04-02-2025,392.2099915,171.8956829,195.1178556,50.79084907,382.14215
05-02-2025,378.1700134,171.8956829,196.0172924,51.1287245,381.63895
06-02-2025,374.3200073,171.8956829,195.7142791,50.97361641,377.10883
07-02-2025,361.6199951,171.8956829,195.5845236,50.72786758,371.0267
10-02-2025,350.730011,171.8956829,195.8643586,52.3160761,362.15265
11-02-2025,328.5,171.8956829,195.241411,51.40931789,351.47592
12-02-2025,336.5100098,171.8956829,196.7227005,51.38046169,336.59293
13-02-2025,355.9400024,171.8956829,195.8620417,50.77621928,327.02478
14-02-2025,355.8399963,171.8956829,195.4002362,50.00671548,328.78235
18-02-2025,354.1099854,171.8956829,195.1540362,48.07467218,335.63132
19-02-2025,360.5599976,171.8956829,196.2068504,47.33361774,342.78552
20-02-2025,354.3999939,171.8956829,195.9363031,46.02547644,350.1611
21-02-2025,337.7999878,171.8956829,195.7712329,44.57690378,353.50937
24-02-2025,330.5299988,171.8956829,196.6706697,42.52526859,348.64398
25-02-2025,302.7999878,171.8956829,196.3676564,40.48714946,338.92712
26-02-2025,290.7999878,171.8956829,196.2379009,39.41320605,321.35727
27-02-2025,281.9500122,171.8956829,196.5177359,37.87532879,301.97455
28-02-2025,292.980011,171.8956829,195.8947883,36.30654944,285.01
03-03-2025,284.6499939,171.8956829,197.3760778,34.57672874,277.1971
04-03-2025,272.0400085,171.8956829,196.515419,32.86859925,273.7382
05-03-2025,279.1000061,171.8956829,196.0536135,32.22718456,270.29492
06-03-2025,263.4500122,171.8956829,195.8074135,31.21549679,270.06393
07-03-2025,262.6700134,171.8956829,196.8602277,30.25559945,267.46985
10-03-2025,222.1499939,171.8956829,196.5896804,30.71388159,264.46988
11-03-2025,230.5800018,171.8956829,196.4246102,29.80483982,251.57083
12-03-2025,248.0899963,171.8956829,197.324047,29.9704141,239.6744
13-03-2025,240.6799927,171.8956829,197.0210337,29.7573436,235.51091
14-03-2025,249.9799957,171.8956829,196.8912782,29.57191494,234.29477
17-03-2025,238.0099945,171.8956829,197.1711132,32.06613719,237.3687
18-03-2025,225.3099976,171.8956829,196.5481656,31.69972368,238.91803
19-03-2025,235.8600006,171.8956829,198.0294551,32.32440519,236.26414
20-03-2025,236.2599945,171.8956829,197.1687963,32.48076981,234.78117
21-03-2025,248.7100067,171.8956829,196.7069908,32.57121627,234.21295
24-03-2025,278.3900146,171.8956829,196.4607908,35.32698313,237.3317
25-03-2025,288.1400146,171.8956829,197.513605,34.86837053,249.08173
26-03-2025,272.0599976,171.8956829,197.2430577,35.32074717,264.9992
27-03-2025,273.1300049,171.8956829,197.0779875,35.23295918,274.8111
28-03-2025,263.5499878,171.8956829,197.9774243,35.01695824,279.08017
31-03-2025,259.1600037,171.8956829,197.674411,36.58794037,276.43195
01-04-2025,268.4599915,171.8956829,197.5446555,35.68396236,269.57132
02-04-2025,282.7600098,171.8956829,197.8244905,35.68457739,264.71225
03-04-2025,267.2799988,171.8956829,197.2015429,35.14913904,265.7667
04-04-2025,239.4299927,171.8956829,198.6828324,34.49918239,265.2848
07-04-2025,233.2899933,171.8956829,197.8221736,34.92769369,256.95554
08-04-2025,221.8600006,171.8956829,197.3603681,33.71440506,245.61032
09-04-2025,272.2000122,171.8956829,197.1141681,33.44662964,232.9375
10-04-2025,252.3999939,171.8956829,198.1669823,32.68434295,235.55237
11-04-2025,252.3099976,171.8956829,197.896435,31.84810894,240.07484
14-04-2025,252.3500061,171.8956829,197.7313648,31.93017558,244.89648
15-04-2025,254.1100006,171.8956829,198.6308016,30.65598887,248.85565
16-04-2025,241.5500031,171.8956829,198.3277882,30.34434416,251.91801
17-04-2025,241.3699951,171.8956829,198.1980328,29.54829678,250.51462
21-04-2025,227.5,171.8956829,198.4778678,28.62286702,247.18645
22-04-2025,237.9700012,171.8956829,197.8549202,27.26638962,240.12411
23-04-2025,250.7400055,171.8956829,199.3362097,26.84734579,235.6113
24-04-2025,259.5100098,171.8956829,198.4755509,25.91607467,236.57222
25-04-2025,284.9500122,171.8956829,198.0137454,24.88468909,242.27808
28-04-2025,285.8800049,171.8956829,197.7675454,24.16418841,255.6838
29-04-2025,292.0299988,171.8956829,198.8203596,22.53984388,270.06644
30-04-2025,282.1600037,171.8956829,198.5498123,21.83697076,283.0198
01-05-2025,280.519989,171.8956829,198.3847421,20.61208644,288.9228
02-05-2025,287.2099915,171.8956829,199.2841789,19.28429135,288.92136
05-05-2025,280.2600098,171.8956829,198.9811655,17.73502694,287.44995
06-05-2025,275.3500061,171.8956829,198.8514101,15.88104577,283.4123
07-05-2025,276.2200012,171.8956829,199.1312451,14.98453731,277.7281
08-05-2025,284.8200073,171.8956829,198.5082975,13.60878579,272.94714
09-05-2025,298.2600098,171.8956829,199.989587,12.17877031,272.2147
12-05-2025,318.3800049,171.8956829,199.1289282,10.65626207,277.3892
13-05-2025,334.0700073,171.8956829,198.6671227,8.929453322,289.8536
14-05-2025,347.6799927,171.8956829,198.4209226,8.219135391,307.3106
15-05-2025,342.8200073,171.8956829,199.4737369,7.086270735,326.66144
16-05-2025,349.980011,171.8956829,199.2031895,5.95205902,339.98453
19-05-2025,342.0899963,171.8956829,199.0381194,5.577029931,348.2516
20-05-2025,343.8200073,171.8956829,199.9375562,4.294815439,348.5919
21-05-2025,334.6199951,171.8956829,199.6345428,4.045829139,345.00143
22-05-2025,341.0400085,171.8956829,199.5047874,3.381724289,337.37634
23-05-2025,339.3399963,171.8956829,199.7846224,2.714266275,331.875
27-05-2025,362.8900146,171.8956829,199.1616748,2.725382909,328.4154
28-05-2025,356.8999939,171.8956829,200.6429643,2.805086042,334.17987
29-05-2025,358.4299927,171.8956829,199.7823055,2.422357767,340.9782
30-05-2025,346.4599915,171.8956829,199.3205,1.985220728,346.99628
02-06-2025,342.6900024,171.8956829,199.0742999,3.276859961,347.2445
03-06-2025,344.269989,171.8956829,200.1271142,2.383670156,343.55316
04-06-2025,332.0499878,171.8956829,199.8565668,2.433763908,339.5617
05-06-2025,284.7000122,171.8956829,199.6914967,1.978472509,332.916
06-06-2025,295.1400146,171.8956829,200.5909335,1.431687598,313.07767
09-06-2025,308.5799866,171.8956829,200.2879201,2.242672399,296.43558
10-06-2025,326.0899963,171.8956829,200.1581647,1.164738738,289.89328
11-06-2025,326.4299927,171.8956829,200.4379997,1.031220904,295.10413
12-06-2025,319.1099854,171.8956829,199.8150521,0.401195315,305.06375
13-06-2025,325.3099976,171.8956829,201.2963416,-0.304225425,312.9355
16-06-2025,329.1300049,171.8956829,200.4356828,0.187502509,319.6029
17-06-2025,316.3500061,171.8956829,199.9738773,-0.929826345,324.8508
18-06-2025,322.0499878,171.8956829,199.7276772,-1.064850786,323.959
